id,name,department,salary
1,Correy,Product Management,54436
2,Farleigh,Engineering,21671
3,Joyann,Legal,30874
4,Korney,Training,34667
5,Moina,Training,39843
6,Elene,Sales,64866
7,Desmund,Sales,31203
8,Milzie,Business Development,89949
9,Lonnie,Product Management,22821
10,Uta,Business Development,35569
11,Urson,Training,53771
12,Arly,Business Development,88897
13,Beverley,Support,49381
14,Christoffer,Research and Development,20619
15,Mattie,Services,69361
16,Hannis,Legal,12658
17,Othilia,Support,20977
18,Linell,Research and Development,82093
19,Marta,Accounting,70181
20,Dalia,Product Management,29592
21,Josiah,Support,47271
22,Shannon,Training,71992
23,Jilly,Legal,47211
24,Garold,Accounting,55503
25,Wang,Marketing,47689
26,Lewiss,Marketing,16712
27,Illa,Marketing,28824
28,Darrick,Support,56452
29,Thorstein,Product Management,73174
30,Milton,Training,78159
31,Rutherford,Sales,30841
32,Lilian,Services,11832
33,Ty,Product Management,60125
34,Margy,Training,42360
35,Dolley,Training,57390
36,Jacques,Product Management,37699
37,Angel,Business Development,49820
38,Lavina,Sales,73839
39,Ali,Business Development,70597
40,Catlaina,Legal,81096
41,Tanhya,Research and Development,89938
42,Pam,Accounting,21572
43,Arley,Training,13558
44,Ben,Research and Development,38072
45,Helen-elizabeth,Accounting,64361
46,Francyne,Accounting,88332
47,Massimo,Training,82388
48,Ximenez,Accounting,77777
49,Clovis,Services,63813
50,Sheila,Training,52206
51,Quinn,Accounting,75835
52,Clair,Services,50433
53,Carlita,Marketing,68302
54,Robinet,Business Development,76518
55,Gabi,Research and Development,69085
56,Luce,Engineering,47507
57,Pebrook,Legal,24212
58,Ramonda,Support,38638
59,Kiersten,Support,70815
60,Wain,Engineering,38178
61,Ofilia,Support,53976
62,Lanny,Engineering,20346
63,Renado,Marketing,47072
64,Odo,Product Management,87357
65,Marge,Business Development,60624
66,Bevin,Accounting,23602
67,Gian,Legal,25498
68,Ari,Marketing,14302
69,Nancee,Business Development,70650
70,Honoria,Accounting,41982
71,Nanine,Training,50450
72,Arlana,Business Development,15569
73,Bailie,Marketing,14388
74,Quinlan,Engineering,71433
75,Waylan,Training,42999
76,Matthieu,Support,71473
77,North,Training,65478
78,Otha,Engineering,56408
79,Pepillo,Engineering,60953
80,Emylee,Human Resources,47342
81,Bessy,Human Resources,37097
82,Atlante,Services,67728
83,Joshua,Marketing,63709
84,Lanny,Training,64390
85,Coreen,Marketing,57582
86,Rivi,Research and Development,75884
87,Wileen,Marketing,25122
88,Trudie,Product Management,31755
89,Padriac,Product Management,89511
90,Pattie,Business Development,13020
91,Cate,Training,87926
92,Beth,Legal,74916
93,Saunderson,Research and Development,34562
94,Estrella,Training,81168
95,Nady,Engineering,68750
96,Rex,Training,55122
97,Jourdan,Research and Development,43481
98,Lon,Sales,71188
99,Gusty,Legal,81661
100,Gabriel,Research and Development,51348
101,Tish,Marketing,24776
102,Kylie,Research and Development,54849
103,Nicolina,Human Resources,39468
104,Harriott,Services,56629
105,Lyndsey,Services,52014
106,Levin,Business Development,34311
107,Dagny,Marketing,39202
108,Bert,Engineering,65702
109,Sasha,Engineering,76392
110,Marianne,Services,77383
111,Trish,Engineering,26325
112,Sherry,Marketing,61440
113,Sherwood,Research and Development,16017
114,Quinton,Sales,60401
115,Nichols,Sales,63100
116,Kevan,Accounting,38526
117,Isidro,Legal,86271
118,Rufus,Services,81766
119,Dagmar,Services,82935
120,Malena,Accounting,39353
121,Carlee,Business Development,63769
122,Claribel,Business Development,63023
123,Gypsy,Support,10655
124,Leonhard,Human Resources,60053
125,Margaux,Training,10497
126,Wynn,Support,85195
127,Natividad,Research and Development,28283
128,Ellery,Training,54721
129,Twyla,Product Management,89522
130,Tate,Accounting,13506
131,Katti,Legal,18952
132,Ezmeralda,Sales,62846
133,Jania,Engineering,25142
134,Penny,Training,86112
135,Ivor,Marketing,46538
136,Arron,Legal,52956
137,Clair,Engineering,56812
138,Thom,Engineering,84988
139,Thain,Services,21470
140,Brooks,Legal,73805
141,Cord,Support,51433
142,Loria,Business Development,51048
143,Dorree,Services,24116
144,Delphinia,Sales,20231
145,Morlee,Training,60161
146,Israel,Accounting,47753
147,Damara,Sales,45384
148,Ree,Training,12642
149,Bastian,Support,55054
150,Rodrigo,Human Resources,34943
151,Alec,Marketing,45354
152,Lin,Accounting,83851
153,Dal,Sales,47718
154,Lauren,Training,10353
155,Guinna,Product Management,66997
156,Mariellen,Support,28884
157,Fowler,Research and Development,25035
158,Dorise,Business Development,15314
159,Aimee,Services,52803
160,Bea,Accounting,48130
161,Rudolf,Research and Development,83612
162,Virgil,Research and Development,55489
163,Caye,Support,50418
164,Myles,Sales,31764
165,Shela,Product Management,82016
166,Ilise,Legal,56319
167,Baudoin,Services,82140
168,Hana,Research and Development,39303
169,Dewie,Marketing,60788
170,Hiram,Human Resources,25008
171,Justina,Research and Development,66785
172,Jedediah,Business Development,26727
173,Renell,Legal,14583
174,Hi,Accounting,13922
175,Costanza,Engineering,14723
176,Niki,Human Resources,46297
177,Felix,Legal,29924
178,Had,Accounting,28816
179,Stavro,Sales,68665
180,Gottfried,Training,80111
181,Ted,Accounting,41710
182,Cort,Legal,66517
183,Vale,Support,48343
184,Helene,Accounting,37321
185,Adella,Business Development,46794
186,Anett,Support,38259
187,Joscelin,Business Development,88187
188,Abrahan,Support,22136
189,Gerard,Legal,45787
190,Martie,Training,54730
191,Hadley,Marketing,83878
192,Guendolen,Accounting,37866
193,Stanwood,Accounting,16795
194,Star,Product Management,29863
195,Eran,Training,56030
196,Irina,Sales,85301
197,Violette,Engineering,52489
198,Reggie,Business Development,67490
199,Murielle,Business Development,88149
200,Anett,Product Management,50908
201,Sheilah,Product Management,40682
202,Madalena,Services,88182
203,Kristian,Training,14805
204,Morris,Services,86223
205,Quintina,Business Development,50040
206,Zechariah,Training,66810
207,Cicely,Sales,31186
208,Godfree,Accounting,51369
209,Wakefield,Engineering,39041
210,Arlyne,Marketing,74789
211,Billi,Services,41301
212,Katharyn,Marketing,35772
213,Sheelah,Research and Development,27569
214,Troy,Research and Development,32208
215,Tye,Product Management,71087
216,Brier,Research and Development,87472
217,Dorthea,Human Resources,15158
218,Garrett,Legal,27963
219,Syd,Marketing,44524
220,Orsa,Human Resources,79101
221,Nerissa,Accounting,52587
222,Fransisco,Support,75492
223,Phelia,Marketing,79878
224,Ida,Accounting,86345
225,Axel,Accounting,79660
226,Silvanus,Services,79580
227,Jayne,Accounting,42550
228,Kiel,Accounting,63953
229,Alyda,Engineering,66725
230,Brigit,Marketing,24829
231,Jack,Support,31212
232,Siffre,Engineering,19630
233,Edy,Sales,84426
234,Payton,Sales,65606
235,Aubrette,Training,63694
236,Stillman,Legal,27303
237,Husain,Legal,77311
238,Timofei,Engineering,37171
239,Morry,Services,27044
240,Duky,Accounting,17126
241,Ilsa,Research and Development,47777
242,Drusilla,Research and Development,23605
243,Giff,Engineering,44735
244,Jack,Research and Development,49946
245,Justine,Services,24653
246,Sargent,Training,66505
247,Ambrosius,Business Development,43230
248,Giselbert,Human Resources,35792
249,Hans,Accounting,80583
250,Karil,Business Development,32515
251,Sarine,Research and Development,76729
252,Roz,Accounting,52924
253,Felicia,Marketing,24010
254,Izabel,Business Development,18909
255,Elton,Engineering,46108
256,Jessalyn,Legal,67345
257,Currey,Accounting,47994
258,Benji,Human Resources,36498
259,Abigale,Product Management,13146
260,Charlene,Human Resources,87403
261,Amy,Engineering,44059
262,Dani,Sales,57829
263,Bryna,Accounting,72302
264,Kerri,Accounting,32700
265,Asia,Human Resources,54693
266,Terrie,Product Management,21157
267,Leigh,Product Management,62600
268,Chrysa,Business Development,78828
269,Garrot,Product Management,14757
270,Vaclav,Support,39607
271,Morena,Research and Development,48137
272,Helga,Business Development,12283
273,Eveleen,Business Development,67056
274,Jamesy,Support,89162
275,Blaine,Business Development,17800
276,Adey,Support,20405
277,Walden,Support,38239
278,Oswald,Engineering,60318
279,Lorne,Services,18455
280,Glenda,Legal,76364
281,Price,Accounting,64800
282,Rudolfo,Legal,64055
283,Jaclyn,Human Resources,51339
284,Engracia,Product Management,32472
285,Holly,Business Development,56463
286,Theressa,Legal,42325
287,Berk,Engineering,83956
288,Vicky,Marketing,58214
289,Victoria,Services,44961
290,Ketti,Support,48343
291,Alma,Research and Development,56045
292,Jewell,Business Development,80962
293,Silvana,Marketing,50204
294,Finn,Support,54027
295,Lindy,Sales,56300
296,Emilio,Sales,58307
297,Elset,Sales,36784
298,Saunderson,Sales,52437
299,Herman,Human Resources,45172
300,Averil,Services,54867
301,Ichabod,Marketing,82104
302,Collen,Business Development,59325
303,Raye,Accounting,67373
304,Edsel,Services,22882
305,Aarika,Business Development,39186
306,Ibrahim,Engineering,85465
307,Townsend,Services,52720
308,Audre,Legal,39596
309,Lexine,Sales,22528
310,Persis,Marketing,10352
311,Malvina,Sales,77385
312,Aldwin,Training,59087
313,Shelia,Support,14399
314,Dewey,Marketing,71409
315,Hayden,Product Management,64060
316,Heddie,Engineering,29799
317,Jackelyn,Support,23976
318,Odo,Sales,84925
319,Godard,Human Resources,25215
320,Leontine,Engineering,12895
321,Billye,Training,74312
322,Jackelyn,Research and Development,43417
323,Parke,Accounting,76552
324,Brander,Support,80416
325,Fawnia,Marketing,10067
326,Waylen,Sales,66555
327,Julissa,Research and Development,28621
328,Jase,Services,18357
329,Gannie,Legal,26988
330,Julissa,Research and Development,59808
331,Constantia,Marketing,39246
332,Drucie,Sales,76764
333,Angil,Legal,87100
334,Julita,Research and Development,73403
335,Deloris,Accounting,71506
336,Dyann,Legal,27735
337,Orv,Sales,75900
338,Wilow,Marketing,12035
339,Robbert,Accounting,63227
340,Parsifal,Accounting,69317
341,Leroi,Sales,33396
342,Garrott,Services,47918
343,Oriana,Product Management,24607
344,Patrica,Legal,32969
345,Nicolle,Marketing,86889
346,Owen,Human Resources,67239
347,Ragnar,Training,62628
348,Antonin,Training,51024
349,Demetrius,Research and Development,43046
350,Stephanie,Services,85821
351,Tessi,Legal,22852
352,Kelcey,Training,53343
353,Mordy,Product Management,69082
354,Jolene,Sales,44370
355,Annamaria,Services,69249
356,Ninon,Sales,34605
357,Crissy,Human Resources,51368
358,Lisha,Marketing,81663
359,Alane,Accounting,84305
360,Emmett,Sales,18874
361,Emmey,Marketing,50389
362,Boigie,Sales,24014
363,Natasha,Legal,74044
364,Vernen,Support,59313
365,Edee,Research and Development,40159
366,Halette,Services,60020
367,Ado,Engineering,39839
368,Wynne,Business Development,47089
369,Kain,Marketing,26018
370,Dame,Services,57131
371,Frederic,Engineering,37606
372,Bianka,Business Development,27552
373,Cathee,Training,47808
374,Hillie,Engineering,80381
375,Karil,Sales,16244
376,Joby,Accounting,14009
377,Freddy,Engineering,73061
378,Sianna,Engineering,77535
379,Ingram,Services,57673
380,Domenico,Services,74635
381,Dick,Services,53151
382,Eartha,Accounting,32391
383,Dosi,Support,38431
384,Tiebout,Business Development,35624
385,Emmalynne,Product Management,39910
386,Isahella,Training,43356
387,Wendy,Business Development,13968
388,Nevsa,Accounting,78818
389,Nolan,Training,54581
390,Polly,Services,75253
391,Wain,Product Management,25376
392,Celinka,Support,20468
393,Fulvia,Support,78356
394,Craggy,Training,53942
395,Verge,Accounting,19523
396,Consuela,Marketing,61105
397,Merry,Research and Development,53206
398,Mohandas,Legal,36333
399,Hayden,Marketing,73192
400,Ralina,Legal,67348
401,Faustine,Accounting,80796
402,Rossy,Marketing,55018
403,Dolph,Marketing,73232
404,Norean,Services,57443
405,Frants,Product Management,80648
406,Stephannie,Services,85837
407,Norean,Product Management,50687
408,Chryste,Business Development,75753
409,Ferd,Legal,71209
410,Ronni,Support,66168
411,Bertina,Business Development,35879
412,Thatch,Training,83296
413,Constancy,Support,61703
414,Abie,Sales,37534
415,Windy,Product Management,40940
416,Vivyanne,Human Resources,42669
417,Ileane,Support,20630
418,Hilario,Legal,31954
419,Naoma,Marketing,85212
420,Natalie,Services,69696
421,Josepha,Training,10401
422,Benjamen,Human Resources,80931
423,Allix,Services,24189
424,Alfonso,Support,35172
425,Tito,Engineering,55743
426,Britteny,Legal,47765
427,Gavan,Engineering,25621
428,Fanchette,Support,44936
429,Llywellyn,Engineering,27515
430,Jeddy,Services,61670
431,Sonnnie,Marketing,11129
432,Misti,Human Resources,76336
433,Hermie,Engineering,84154
434,Laura,Marketing,10246
435,Sheffy,Engineering,71094
436,Johnathan,Services,60563
437,Craggy,Accounting,19634
438,Flory,Support,60767
439,Genevieve,Accounting,81198
440,Nonna,Marketing,51189
441,Adoree,Services,66373
442,Neel,Product Management,36736
443,Florencia,Engineering,32832
444,Kacy,Training,72910
445,Marin,Legal,65675
446,Torrie,Services,72400
447,Dede,Human Resources,61876
448,Sonya,Engineering,67851
449,Dalli,Human Resources,47137
450,Betta,Support,83688
451,Mattias,Legal,74348
452,Dore,Training,68417
453,Griz,Sales,24590
454,Marjorie,Accounting,47763
455,Enrika,Legal,48941
456,Aluin,Legal,35953
457,Lettie,Legal,68483
458,Nonnah,Legal,54324
459,Camellia,Human Resources,23058
460,Cyrill,Support,32575
461,Olin,Human Resources,43916
462,Viva,Business Development,36692
463,Shayne,Engineering,74127
464,Fiann,Accounting,10417
465,Kirby,Accounting,86938
466,Tate,Services,52943
467,Jessica,Product Management,73128
468,Terrell,Marketing,56657
469,Casie,Engineering,28447
470,Melloney,Marketing,40045
471,Gerhardine,Human Resources,13898
472,Huntley,Engineering,15106
473,Caron,Human Resources,76292
474,Geno,Accounting,49765
475,Peggy,Engineering,39591
476,Fran,Product Management,80068
477,Cati,Marketing,61256
478,Neysa,Accounting,71276
479,Sharlene,Engineering,32495
480,Anders,Accounting,34646
481,Fernanda,Product Management,48534
482,Riannon,Legal,60620
483,Corby,Support,41375
484,Riordan,Legal,47751
485,Rollie,Legal,46801
486,Hallie,Support,87496
487,Hattie,Training,13138
488,Nicola,Marketing,69850
489,Lyon,Legal,24172
490,Marisa,Research and Development,63670
491,Pandora,Accounting,37609
492,Kassey,Accounting,39593
493,Emmie,Sales,13431
494,Jayme,Accounting,77301
495,Karleen,Product Management,83389
496,Sarine,Research and Development,12072
497,Consuela,Product Management,32602
498,Verile,Research and Development,16430
499,Delbert,Sales,54768
500,Saba,Support,57318
501,Dagny,Training,39904
502,Kaja,Sales,83593
503,Thorsten,Business Development,38251
504,Magdalena,Support,55471
505,Myrtle,Services,63938
506,Wang,Sales,56648
507,Consuelo,Services,33261
508,Barris,Sales,52433
509,Terrell,Support,71626
510,Hendrika,Human Resources,52456
511,Christan,Engineering,18380
512,Stephan,Business Development,20840
513,Florence,Product Management,79093
514,Malchy,Marketing,32720
515,Ignazio,Sales,64732
516,Karlik,Support,42011
517,Moll,Legal,40281
518,Dolorita,Human Resources,77681
519,Kayle,Product Management,35541
520,Dimitry,Human Resources,57704
521,Gearalt,Services,85410
522,Goldarina,Services,64543
523,Fair,Research and Development,82285
524,Jobie,Business Development,53316
525,Janeczka,Engineering,10750
526,Benjamen,Training,65943
527,Ivor,Sales,80533
528,Briant,Legal,65488
529,Tracy,Marketing,75012
530,Chrissy,Services,82015
531,Minda,Product Management,38756
532,Prentice,Business Development,54566
533,Anica,Human Resources,22828
534,Magdalen,Training,74905
535,Ericha,Marketing,12032
536,Wenonah,Legal,84203
537,Saree,Sales,41440
538,Isabel,Human Resources,66278
539,Tedra,Training,60821
540,Harlan,Engineering,20543
541,Deerdre,Business Development,42943
542,Kev,Sales,55174
543,Sib,Engineering,82034
544,Currey,Marketing,80167
545,Thurstan,Accounting,72344
546,Yorke,Services,83101
547,Panchito,Legal,54968
548,Cyrill,Human Resources,11472
549,Barry,Services,38425
550,Evita,Engineering,11759
551,Kenon,Engineering,56300
552,Ardine,Engineering,52646
553,Kristan,Support,25641
554,Patti,Legal,82369
555,Kelci,Engineering,84863
556,Kimberly,Business Development,74476
557,Shanon,Engineering,18831
558,Dory,Engineering,12524
559,Bonnie,Training,15170
560,Fabiano,Accounting,56021
561,Kevon,Services,48823
562,Shelton,Legal,19656
563,Randolph,Accounting,35873
564,Jacinda,Human Resources,43651
565,Jillana,Engineering,37580
566,Glenna,Business Development,51266
567,Spence,Legal,57327
568,Blake,Engineering,37931
569,Olivie,Training,69503
570,Ange,Legal,45930
571,Seana,Research and Development,79805
572,Sybila,Marketing,17609
573,Karna,Research and Development,37120
574,Willa,Marketing,55481
575,Michelina,Engineering,35113
576,De witt,Engineering,19807
577,Etienne,Research and Development,38404
578,Deeann,Product Management,27357
579,Coleen,Sales,78384
580,Tommie,Research and Development,66122
581,Norma,Business Development,18601
582,Shelby,Sales,15513
583,Tamera,Engineering,88229
584,Daphene,Product Management,59341
585,Stephana,Marketing,14390
586,Flynn,Services,56485
587,Arnoldo,Business Development,70899
588,Ulrike,Services,38111
589,Allie,Research and Development,39682
590,Jillayne,Marketing,40301
591,Ula,Training,87580
592,Poul,Research and Development,74102
593,Gwenny,Accounting,86187
594,Maxy,Training,78673
595,Hy,Accounting,55301
596,Silvana,Product Management,27433
597,Tanya,Legal,19184
598,Celle,Marketing,33923
599,Yul,Business Development,20978
600,Nanny,Accounting,83661
601,Morna,Product Management,75195
602,Lenka,Support,47938
603,Carol-jean,Accounting,48328
604,Kaila,Marketing,79735
605,Huberto,Legal,54863
606,Griswold,Human Resources,64360
607,Bobina,Accounting,66491
608,Dalston,Accounting,10970
609,Angeline,Accounting,72668
610,Haydon,Legal,46373
611,Ricca,Accounting,37503
612,Pyotr,Human Resources,39080
613,Jori,Engineering,40457
614,Allene,Research and Development,70987
615,Margarita,Engineering,62678
616,Everard,Services,27842
617,Stoddard,Services,55974
618,Cristen,Accounting,86079
619,Man,Marketing,51145
620,Aleta,Legal,39321
621,Anatol,Marketing,24944
622,Lynnelle,Marketing,83470
623,Hughie,Research and Development,63653
624,Sara,Human Resources,14636
625,Aarika,Engineering,19726
626,Benetta,Marketing,65659
627,Renelle,Marketing,24218
628,Cazzie,Support,11653
629,Kimberlee,Engineering,88639
630,Jobye,Training,28017
631,Eugenia,Services,31995
632,Jodie,Support,12572
633,Clive,Accounting,32022
634,Amalia,Legal,13272
635,Edin,Accounting,34943
636,Perl,Product Management,72230
637,Beauregard,Product Management,83692
638,Bobette,Human Resources,44920
639,Tore,Engineering,24575
640,Martelle,Marketing,45549
641,Carney,Sales,86469
642,Antonetta,Marketing,33188
643,Dedie,Research and Development,66973
644,Cyndy,Sales,81009
645,Teddi,Legal,54412
646,Randolph,Accounting,15227
647,Kellsie,Product Management,24815
648,Cloe,Sales,10795
649,Corbie,Marketing,56668
650,Alvera,Business Development,35573
651,Leanora,Business Development,64851
652,Ida,Accounting,49621
653,Lynnett,Product Management,13667
654,Riane,Research and Development,80028
655,Arden,Training,34441
656,Ramon,Human Resources,21113
657,Elliot,Product Management,18355
658,Debor,Training,19001
659,Vail,Accounting,24304
660,Gizela,Accounting,67242
661,Mavra,Accounting,31237
662,Allyson,Training,55080
663,Alanah,Sales,78446
664,Kerrill,Accounting,79503
665,Cherlyn,Marketing,47193
666,Annette,Legal,25541
667,Del,Support,36196
668,Holli,Business Development,16140
669,Benny,Training,60488
670,Randolph,Sales,64239
671,Everard,Legal,61583
672,Haven,Training,79932
673,Caty,Product Management,50532
674,Cord,Services,33262
675,Sutton,Training,57406
676,Magdaia,Services,71497
677,Noak,Product Management,28693
678,Teriann,Research and Development,60563
679,Cassandry,Research and Development,46100
680,Wilton,Services,81972
681,Stanleigh,Marketing,67250
682,Selena,Business Development,58076
683,Francklyn,Business Development,55095
684,Dillon,Training,46332
685,Billy,Training,13024
686,Jessie,Support,56129
687,Al,Research and Development,37953
688,Welsh,Training,13037
689,Sybille,Engineering,81420
690,Kath,Research and Development,81642
691,Jo-ann,Support,25032
692,Jocelyne,Services,57181
693,Rhys,Business Development,76973
694,Brett,Product Management,72526
695,Dehlia,Training,73750
696,Kimble,Legal,22935
697,Stanford,Research and Development,45598
698,Valery,Marketing,48553
699,Ulrika,Engineering,49856
700,Merridie,Human Resources,66705
701,Merilee,Research and Development,65782
702,Tymothy,Business Development,42739
703,Lauren,Services,63756
704,Minette,Training,12797
705,Clair,Accounting,84392
706,Burlie,Human Resources,88897
707,Hope,Business Development,37094
708,Francisca,Engineering,44139
709,Chickie,Accounting,22594
710,Nolly,Legal,22805
711,Banky,Accounting,87824
712,Ludovika,Research and Development,25895
713,Porty,Business Development,56953
714,Cyndy,Services,26604
715,Edna,Training,60484
716,Maximilian,Human Resources,23580
717,Alvy,Research and Development,14305
718,Roxi,Marketing,43945
719,Ossie,Human Resources,10605
720,Hughie,Human Resources,46698
721,Boothe,Legal,41217
722,Erda,Services,69251
723,Ermentrude,Human Resources,57061
724,Micky,Training,55501
725,Siana,Product Management,10958
726,Cathleen,Legal,78902
727,Rosa,Services,78644
728,Jase,Sales,47567
729,Gus,Marketing,28930
730,Carlyn,Research and Development,49924
731,Merill,Accounting,83069
732,Dmitri,Marketing,32478
733,Fonsie,Services,26336
734,Ulberto,Legal,64763
735,Nickola,Accounting,55676
736,Fonz,Business Development,74313
737,Renae,Business Development,40373
738,Isadora,Legal,33188
739,Constantin,Accounting,39326
740,Augie,Support,18679
741,Artemis,Research and Development,55466
742,Adela,Research and Development,14066
743,Antonius,Human Resources,89631
744,Aleda,Training,70329
745,Leela,Human Resources,22843
746,Gypsy,Accounting,36015
747,Elfrieda,Sales,71140
748,Colene,Legal,76056
749,Tori,Services,53283
750,Angel,Training,42293
751,Nadiya,Support,71683
752,Cynde,Research and Development,59239
753,Dael,Training,15264
754,Skippy,Marketing,13181
755,Glen,Sales,31749
756,Doloritas,Product Management,40000
757,Elisabetta,Research and Development,68491
758,Lucie,Engineering,71377
759,Stuart,Legal,89400
760,Sheilah,Support,67341
761,Clayborne,Engineering,36154
762,Kathlin,Services,64079
763,Bethena,Engineering,72681
764,Cristy,Services,88230
765,Marsh,Product Management,34490
766,Jolee,Accounting,31848
767,Janella,Human Resources,48688
768,Hyatt,Marketing,18789
769,Edmon,Marketing,71874
770,Stormie,Engineering,43568
771,Jordan,Services,10148
772,Horace,Engineering,56142
773,Joellen,Legal,52805
774,Rafaelita,Engineering,52738
775,Hortensia,Research and Development,63722
776,Malanie,Engineering,74273
777,Sofia,Training,83318
778,Pru,Services,49649
779,Rouvin,Training,60089
780,Keeley,Accounting,25181
781,Daveen,Product Management,74069
782,Howey,Sales,78215
783,Ermentrude,Legal,69973
784,Arlin,Services,27791
785,Jasper,Research and Development,13090
786,Conrad,Human Resources,26321
787,Antonella,Services,38616
788,Fredric,Accounting,38671
789,Ali,Research and Development,38252
790,Theadora,Sales,28273
791,Binni,Sales,27587
792,Dorice,Sales,17852
793,Blythe,Business Development,40915
794,Dolorita,Sales,32517
795,Ricky,Services,18385
796,Ashly,Marketing,20355
797,Clerissa,Legal,79242
798,Fernandina,Support,68856
799,Sandy,Business Development,19096
800,Wendel,Product Management,81303
801,Orren,Research and Development,15249
802,Mandi,Research and Development,42286
803,Dodi,Product Management,68959
804,Almira,Business Development,21957
805,Adrianne,Engineering,56360
806,Nels,Training,73422
807,Katusha,Product Management,76204
808,Gerrard,Sales,64382
809,Duffie,Human Resources,28454
810,Toby,Research and Development,24415
811,Kameko,Sales,81733
812,Aubert,Engineering,12012
813,Lauren,Engineering,73857
814,Hurleigh,Marketing,61458
815,Teddie,Accounting,20453
816,Malia,Services,67508
817,Dre,Marketing,59464
818,Denny,Training,52709
819,Adrian,Marketing,62465
820,Florence,Sales,83949
821,Blithe,Business Development,74395
822,Charmion,Research and Development,32167
823,Cassandry,Engineering,38863
824,Harrietta,Marketing,80944
825,Bern,Training,88680
826,Malchy,Research and Development,56131
827,Katharina,Research and Development,63290
828,Izabel,Services,70058
829,Collen,Business Development,20362
830,Gladi,Legal,39913
831,Perice,Product Management,68047
832,Rosina,Human Resources,38329
833,Harli,Research and Development,45825
834,Gaylord,Legal,14863
835,Walt,Services,47272
836,Hakeem,Product Management,43121
837,Leah,Support,38702
838,Hannie,Research and Development,68945
839,Brenn,Services,23656
840,Milly,Marketing,46883
841,Fredric,Legal,89534
842,Cly,Training,26853
843,Ottilie,Sales,37786
844,Hoyt,Marketing,16646
845,Dian,Services,81221
846,Gratia,Engineering,30005
847,Rollins,Legal,72681
848,Idette,Legal,83144
849,Kipp,Accounting,64181
850,Frannie,Training,44284
851,Glenden,Accounting,70253
852,Bondy,Marketing,61538
853,Robinette,Business Development,25935
854,Freddi,Services,78975
855,August,Human Resources,75255
856,Brinna,Legal,60621
857,Christal,Research and Development,82011
858,Meggie,Training,59683
859,Constantin,Sales,19759
860,Felipe,Marketing,56010
861,Camala,Training,10624
862,Glendon,Business Development,38685
863,Claudette,Marketing,24954
864,Tabor,Human Resources,38726
865,Floria,Product Management,30239
866,Keene,Training,82505
867,Rab,Product Management,23444
868,Luz,Accounting,29115
869,Doy,Engineering,17939
870,Nathanial,Human Resources,53012
871,Gael,Training,69515
872,Goran,Engineering,37075
873,Kitti,Human Resources,80001
874,Bertram,Marketing,87755
875,Vallie,Engineering,34903
876,Leif,Human Resources,76160
877,Sophie,Marketing,49936
878,Dorette,Human Resources,18487
879,Corney,Human Resources,57724
880,Anna,Services,37170
881,Marlyn,Legal,48383
882,Simeon,Services,11099
883,Brigitte,Research and Development,18095
884,Glory,Engineering,83274
885,Vinni,Services,62408
886,Danna,Engineering,66879
887,Ogden,Sales,49704
888,Illa,Services,57537
889,Base,Engineering,59973
890,Niel,Research and Development,11547
891,Ninnette,Legal,47822
892,Sylvia,Sales,78283
893,Elsey,Legal,73080
894,Car,Sales,37362
895,Prudence,Support,58635
896,Mervin,Research and Development,41148
897,Oliy,Business Development,65741
898,Cecil,Services,86571
899,Isabella,Sales,57713
900,Darby,Marketing,39251
901,Denney,Engineering,82253
902,Lannie,Research and Development,88422
903,Chelsy,Accounting,49023
904,Kermit,Support,56471
905,Rickie,Legal,11174
906,Gal,Business Development,83753
907,Hasheem,Engineering,15122
908,Anton,Support,28874
909,Lynett,Legal,54556
910,Barde,Support,65161
911,Fabien,Services,13965
912,Leesa,Business Development,79643
913,Jany,Sales,15773
914,Lawry,Services,39013
915,Lorrie,Support,70949
916,Romola,Human Resources,57603
917,Stewart,Product Management,69096
918,Sibella,Product Management,27079
919,Lynn,Training,27125
920,Chase,Research and Development,47580
921,Katharyn,Human Resources,37543
922,Rina,Accounting,65626
923,Allina,Human Resources,29334
924,Sidnee,Accounting,57703
925,Martyn,Marketing,17654
926,Paco,Sales,24310
927,Lissy,Legal,15230
928,Rolfe,Training,29994
929,Bili,Sales,68761
930,Dorena,Sales,81808
931,Judith,Product Management,68685
932,Seana,Sales,62242
933,Gareth,Product Management,80271
934,Paolina,Product Management,89713
935,Charley,Sales,87594
936,Clerkclaude,Support,23470
937,Antin,Support,35772
938,Sidnee,Training,30230
939,Vivi,Legal,20679
940,Marmaduke,Training,26555
941,Charita,Research and Development,74224
942,Fredia,Marketing,60149
943,Merle,Services,62175
944,Rici,Business Development,37482
945,Emelia,Research and Development,15398
946,Alyda,Sales,10591
947,Ula,Support,31642
948,Cozmo,Sales,12998
949,Johanna,Support,67919
950,Lynde,Marketing,46222
951,Andee,Accounting,86544
952,Ivory,Accounting,57843
953,Dora,Research and Development,14575
954,Melita,Training,81369
955,Langston,Product Management,44956
956,Hebert,Legal,59159
957,Griswold,Human Resources,11115
958,Olympia,Marketing,29584
959,Jecho,Marketing,56595
960,Marc,Sales,55156
961,Bord,Research and Development,80246
962,Nesta,Accounting,83319
963,Dov,Research and Development,12918
964,Shari,Legal,83626
965,Kathlin,Marketing,11633
966,Trever,Business Development,61806
967,Jorey,Research and Development,29445
968,Phillip,Sales,67775
969,Bard,Human Resources,27483
970,Abigael,Sales,75287
971,Ethelbert,Training,58415
972,Ermina,Marketing,34485
973,Evita,Services,64997
974,Maddie,Business Development,61397
975,Corrina,Research and Development,26501
976,Alene,Legal,86831
977,Samaria,Human Resources,89216
978,Port,Research and Development,10277
979,Trstram,Accounting,67459
980,Alexina,Support,88502
981,Ayn,Training,87974
982,Berkeley,Human Resources,25074
983,Nicola,Product Management,39059
984,Timothy,Engineering,76785
985,Raoul,Engineering,73095
986,Lynett,Engineering,42932
987,Inge,Sales,68414
988,Melony,Legal,69308
989,Neil,Accounting,80551
990,Elvira,Support,70236
991,Jilly,Sales,60973
992,Leah,Support,66916
993,Corrie,Accounting,77294
994,Randolf,Research and Development,33110
995,Carleton,Business Development,72639
996,Bendick,Product Management,10318
997,Mace,Business Development,25193
998,Cherie,Sales,23243
999,Palmer,Support,54659
1000,Sharai,Marketing,85118
